Name	Source	ID	Link	Creators	Type	Tags	Creation time	Update time	Latest version	Versions	Number of steps	Tools	EDAM operations	EDAM topics	License	DOI	Projects	Filtered on	To keep	Curation date
RiboSnake: 16S rRNA analysis workflow with QIIME2 and Snakemake	WorkflowHub	1102	https:/workflowhub.eu/workflows/1102?version=1	Ann-Kathrin Dörr	Snakemake		2024-08-15	2024-08-15	1	1	0				MIT	10.48546/workflowhub.workflow.1102.1	16S rRNA Analysis	16S in name	True	2026-07-08
Generalizable machine learning models for rapid antimicrobial resistance prediction in unseen healthcare settings	WorkflowHub	1999	https:/workflowhub.eu/workflows/1999?version=1	Diane Duroux	Shell Script		2025-10-17	2025-10-17	1	1	0				GPL-3.0	10.48546/workflowhub.workflow.1999.1	AMRMALDI	antimicrobial.* in name	True	2026-07-08
MAGNETO (automated workflow dedicated to MAG reconstruction)	WorkflowHub	1815	https:/workflowhub.eu/workflows/1815?version=3	Samuel Chaffron, Audrey Bihouee, Benjamin Churcheward, Maxime Millet, Guillaume Fertin, Hugo Lefeuvre	Snakemake		2025-09-18	2025-09-25	3	3	0		Gene functional annotation, Genome assembly, Read binning, Read mapping, Sequence assembly, Sequencing quality control, Taxonomic classification	Metagenomics, Metatranscriptomics	GPL-3.0		BiRD	edam	True	2026-07-08
Bactria: BarCode TRee Inference and Analysis	WorkflowHub	706	https:/workflowhub.eu/workflows/706?version=1		Snakemake	bioinformatics, python, snakemake, phylogenetics	2024-01-24	2024-02-05	1	1	0				Apache-2.0		Biodiversity Genomics Europe (general)	metab.* in description	True	2026-07-08
metaBIOMx: Metagenomics pipeline for Microbial shot-gun sequencing data	WorkflowHub	1787	https:/workflowhub.eu/workflows/1787?version=6	Alem Gusinac, Thomas Ederveen, Jos Boekhorst, Annemarie Boleij	Nextflow	bioinformatics, metagenomics, nextflow	2025-10-07	2025-10-08	6	3	0	AdapterRemoval, BCFtools, BBTools, Trimmomatic, FastQC, MultiQC, humann, MetaPhlAn, SPAdes, BUSCO, Bowtie 2, CAT and BAT, OmicFlow	Gene functional annotation, Taxonomic classification	Metagenomic sequencing, Metagenomics, Microbial ecology, Microbiology	MIT	10.48546/workflowhub.workflow.1787.6	CMG-GUTS	edam	True	2026-07-08
Marine Omics identifying biosynthetic gene clusters	WorkflowHub	1105	https:/workflowhub.eu/workflows/1105?version=1	Marie Jossé	Galaxy	earth-system, ecology, marine omics, ocean	2024-08-21	2024-08-21	1	1	5	Create the protein fasta file, Create TSV file for Sanntis, Use of Sanntis, Remove useless * in the protein fasta file		Marine biology	CC-BY-4.0		FAIR-EASE, usegalaxy-eu	metab.* in description	True	2025-12-17
atavide	WorkflowHub	241	https:/workflowhub.eu/workflows/241?version=1		Snakemake		2021-11-21	2023-01-16	1	1	0				MIT	10.48546/workflowhub.workflow.241.1	FAME	metage.* in description	True	2026-07-08
16S_biodiversity_BIOM	WorkflowHub	142	https:/workflowhub.eu/workflows/142?version=1	Mike Thang	Galaxy	metadegalaxy	2021-08-11	2024-04-17	1	1	8	biom_convert, phyloseq_DESeq2, phyloseq_abundance, phyloseq_taxonomy, biom_add_metadata, symmetricPlot, phyloseq_richness, phyloseq_net	Taxonomic classification	Metagenomics	GPL-3.0		Galaxy Australia	edam	True	2025-12-17
From BAMs to drug resistance prediction with TB-profiler	WorkflowHub	1564	https:/workflowhub.eu/workflows/1564?version=1		Galaxy	gtn, galaxy, evolution	2025-06-02	2025-06-02	1	1	9	"tp_replace_in_line, samtools_view, tp_grep_tool, tp_sed_tool, addName, tb_profiler_profile, Merge single-end and paired-end BAMs in a single collection to be analyzed alltogether
__MERGE_COLLECTION__, tp_cat"			CC-BY-4.0		Galaxy Training Network	profil.* in name	True	2026-07-08
Workflow Constructed From History 'imported: testpourGCC'	WorkflowHub	1584	https:/workflowhub.eu/workflows/1584?version=1		Galaxy	gtn, galaxy, metabolomics	2025-06-02	2025-06-02	1	1	17	msnbase_readmsdata, Univariate, generic_filter, abims_xcms_xcmsSet, abims_CAMERA_annotateDiffreport, quality_metrics, xcms_plot_chromatogram, abims_xcms_retcor, Batch_correction, abims_xcms_fillPeaks, wsdl_hmdb, xcms_merge, abims_xcms_group			CC-BY-4.0		Galaxy Training Network	metab.* in tags	True	2026-07-08
workflow-generate-dataset-for-assembly-tutorial	WorkflowHub	1631	https:/workflowhub.eu/workflows/1631?version=1		Galaxy	gtn, galaxy	2025-06-02	2025-06-02	1	1	18	cutadapt, random_lines1, bamtools, filter_tabular, ngsutils_bam_filter, fastqc, megahit, bowtie2, bg_uniq, seqtk_subseq, tp_cat			CC-BY-4.0		Galaxy Training Network	metage.* in description	True	2026-07-08
Metagenomics assembly tutorial workflow	WorkflowHub	1634	https:/workflowhub.eu/workflows/1634?version=1		Galaxy	gtn, galaxy	2025-06-02	2025-06-02	1	1	8	bandage_info, megahit, megahit_contig2fastg, collection_column_join, bandage_image, bowtie2, metaspades, quast			CC-BY-4.0		Galaxy Training Network	metage.* in name	True	2026-07-08
Workflow constructed from history 'Tuto Obitools'	WorkflowHub	1702	https:/workflowhub.eu/workflows/1702?version=1		Galaxy	ecology, gtn, galaxy	2025-06-02	2025-06-02	1	1	23	obi_grep, obi_ngsfilter, obi_annotate, seq_filter_by_id, obi_illumina_pairend, obi_uniq, ncbi_blastn_wrapper, fastqc, Cut1, obi_tab, obi_stat, fastq_groomer, join1, Filter1, obi_clean, wc_gnu, unzip			CC-BY-4.0		Galaxy Training Network	metab.* in description	True	2026-07-08
Metaproteomics_GTN	WorkflowHub	1443	https:/workflowhub.eu/workflows/1443?version=1		Galaxy	gtn, galaxy, proteomics	2025-06-02	2025-06-02	1	1	10	search_gui, query_tabular, unipept, peptide_shaker, sqlite_to_tabular			CC-BY-4.0		Galaxy Training Network	metap.* in name	True	2026-07-08
Workflow 2: Data Cleaning And Chimera Removal [Galaxy Training: 16S Microbial Analysis With Mothur]	WorkflowHub	1400	https:/workflowhub.eu/workflows/1400?version=1		Galaxy	gtn, galaxy, microbiome	2025-06-02	2025-06-02	1	1	9	mothur_screen_seqs, mothur_filter_seqs, mothur_chimera_vsearch, mothur_remove_seqs, mothur_summary_seqs, mothur_pre_cluster, mothur_unique_seqs			MIT		Galaxy Training Network	microbiom.* in tags	True	2026-07-08
Gene Cluster Product Similarity Search	WorkflowHub	1558	https:/workflowhub.eu/workflows/1558?version=1		Galaxy	gtn, galaxy, sempi3	2025-06-02	2025-06-02	1	1	12	tp_awk_tool, ncbi_acc_download, openbabel_remDuplicates, ctb_np-likeness-calculator, interactive_tool_jupyter_notebook, ctb_chemfp_mol2fps, Remove beginning1, collapse_dataset, antismash, ctb_silicos_qed, ctb_simsearch			CC-BY-4.0		Galaxy Training Network	metab.* in description	True	2026-07-08
WF2_Discovery-Workflow	WorkflowHub	1435	https:/workflowhub.eu/workflows/1435?version=1		Galaxy	gtn, galaxy, name:clinicalmp	2025-06-02	2025-06-02	1	1	24	fasta_merge_files_and_filter_unique_sequences, filter_tabular, search_gui, query_tabular, Grep1, maxquant, Cut1, peptide_shaker, Filter1, Remove beginning1, Grouping1, msconvert, tp_cat, ident_params, fasta_cli, fasta2tab, dbbuilder			CC-BY-4.0		Galaxy Training Network	metap.* in description	True	2026-07-08
Assembly of metagenomic sequencing data	WorkflowHub	1390	https:/workflowhub.eu/workflows/1390?version=2		Galaxy	gtn, galaxy, microbiome	2025-06-16	2025-06-16	2	2	9	bandage_info, megahit, megahit_contig2fastg, collection_column_join, bandage_image, bowtie2, metaspades, coverm_contig, quast			MIT		Galaxy Training Network	microbiom.* in tags	True	2026-07-08
WF5_Data_Interpretation_Worklow	WorkflowHub	1433	https:/workflowhub.eu/workflows/1433?version=1		Galaxy	gtn, galaxy, name:clinicalmp	2025-06-02	2025-06-02	1	1	6	msstatstmt, unipept, Grep1			CC-BY-4.0		Galaxy Training Network	metap.* in description	True	2026-07-08
Calculating diversity from microbiome taxonomic data	WorkflowHub	1431	https:/workflowhub.eu/workflows/1431?version=1		Galaxy	gtn, galaxy, name:gtn	2025-06-02	2025-06-02	1	1	6	krakentools_beta_diversity, krakentools_alpha_diversity			MIT		Galaxy Training Network	microbiom.* in name	True	2026-07-08
Identification of the micro-organisms in a beer using Nanopore sequencing	WorkflowHub	1439	https:/workflowhub.eu/workflows/1439?version=1		Galaxy	gtn, galaxy, microbiome	2025-06-02	2025-06-02	1	1	8	fastp, krakentools_kreport2krona, fastqc, porechop, Filter1, taxonomy_krona_chart, kraken2			MIT		Galaxy Training Network	microbiom.* in tags	True	2026-07-08
Gene-based Pathogen Identification	WorkflowHub	1495	https:/workflowhub.eu/workflows/1495?version=1		Galaxy	gtn, galaxy, name:iwc, name:microgalaxy, name:pathogfair, name:collection	2025-06-02	2025-06-02	1	1	15	compose_text_param, medaka_consensus_pipeline, tab2fasta, bandage_image, abricate, collection_element_identifiers, tp_find_and_replace, flye, param_value_from_file, __BUILD_LIST__, fasta2tab, split_file_to_collection			MIT		Galaxy Training Network	microbiom.* in description	True	2025-12-17
Copy Of GTN Training - Antibiotic Resistance Detection	WorkflowHub	1477	https:/workflowhub.eu/workflows/1477?version=1		Galaxy	gtn, galaxy, microbiome	2025-06-02	2025-06-02	1	1	12	nanoplot, unicycler, racon, gfa_to_fa, minimap2, miniasm, bandage_image, PlasFlow, staramr_search			CC-BY-4.0		Galaxy Training Network	microbiom.* in tags	True	2025-12-17
WF5_Data_Interpretation_Worklow	WorkflowHub	1482	https:/workflowhub.eu/workflows/1482?version=1		Galaxy	gtn, galaxy, name:clinicalmp	2025-06-02	2025-06-02	1	1	6	msstatstmt, unipept, Grep1			CC-BY-4.0		Galaxy Training Network	metap.* in description	True	2026-07-08
workflow-generate-dataset-for-assembly-tutorial	WorkflowHub	1480	https:/workflowhub.eu/workflows/1480?version=1		Galaxy	gtn, galaxy	2025-06-02	2025-06-02	1	1	18	cutadapt, random_lines1, bamtools, filter_tabular, ngsutils_bam_filter, fastqc, megahit, bowtie2, bg_uniq, seqtk_subseq, tp_cat			CC-BY-4.0		Galaxy Training Network	metage.* in description	True	2026-07-08
Allele-based Pathogen Identification	WorkflowHub	1479	https:/workflowhub.eu/workflows/1479?version=1		Galaxy	gtn, galaxy, name:iwc, name:microgalaxy, name:pathogfair, name:collection	2025-06-02	2025-06-02	1	1	23	snpSift_filter, regexColumn1, Count1, minimap2, Cut1, CONVERTER_gz_to_uncompressed, tp_head_tool, bcftools_norm, samtools_depth, samtools_coverage, Remove beginning1, table_compute, collapse_dataset, Paste1, clair3, tp_cut_tool, bcftools_consensus, snpSift_extractFields			MIT		Galaxy Training Network	microbiom.* in description	True	2026-07-08
Workflow 3: Classification [Galaxy Training: 16S Microbial Analysis With Mothur]	WorkflowHub	1428	https:/workflowhub.eu/workflows/1428?version=1		Galaxy	gtn, galaxy, microbiome	2025-06-02	2025-06-02	1	1	3	mothur_summary_seqs, mothur_remove_lineage, mothur_classify_seqs			MIT		Galaxy Training Network	microbiom.* in tags	True	2026-07-08
Amplicon Tutorial	WorkflowHub	1476	https:/workflowhub.eu/workflows/1476?version=1		Galaxy	gtn, galaxy, microbiome	2025-06-02	2025-06-02	1	1	17	mothur_screen_seqs, mothur_filter_seqs, mothur_make_shared, mothur_classify_otu, mothur_make_biom, mothur_summary_seqs, mothur_cluster_split, krona-text, mothur_align_seqs, mothur_count_seqs, mothur_make_group, mothur_merge_files, mothur_pre_cluster, mothur_unique_seqs, mothur_classify_seqs			CC-BY-4.0		Galaxy Training Network	microbiom.* in tags	True	2026-07-08
WF1_Database_Generation_Workflow	WorkflowHub	1474	https:/workflowhub.eu/workflows/1474?version=1		Galaxy	gtn, galaxy, name:clinicalmp	2025-06-02	2025-06-02	1	1	3	metanovo, fasta_merge_files_and_filter_unique_sequences			CC-BY-4.0		Galaxy Training Network	metap.* in description	True	2026-07-08
Training: 16S rRNA Analysis with Nanopore Sequencing Reads	WorkflowHub	1473	https:/workflowhub.eu/workflows/1473?version=1		Galaxy	gtn, galaxy, microbiome	2025-06-02	2025-06-02	1	1	11	fastp, tp_replace_in_line, datamash_reverse, fastqc, porechop, Remove beginning1, taxonomy_krona_chart, kraken2, multiqc			CC-BY-4.0		Galaxy Training Network	microbiom.* in tags	True	2026-07-08
"WGS Part In ""Analyses Of Metagenomics Data - The Global Picture"""	WorkflowHub	1472	https:/workflowhub.eu/workflows/1472?version=1		Galaxy	gtn, galaxy, microbiome	2025-06-02	2025-06-02	1	1	7	metaphlan2, humann2_regroup_table, taxonomy_krona_chart, humann2, metaphlan2krona, humann2_renorm_table			CC-BY-4.0		Galaxy Training Network	microbiom.* in tags	True	2026-07-08
Taxonomic Profiling and Visualization of Metagenomic Data	WorkflowHub	1470	https:/workflowhub.eu/workflows/1470?version=1		Galaxy	gtn, galaxy, microbiome	2025-06-02	2025-06-02	1	1	10	__UNZIP_COLLECTION__, krakentools_kreport2krona, metaphlan, interactive_tool_phinch, taxonomy_krona_chart, kraken2, interactive_tool_pavian, kraken_biom, est_abundance			MIT		Galaxy Training Network	microbiom.* in tags	True	2026-07-08
WF4_Quantitation_Workflow	WorkflowHub	1468	https:/workflowhub.eu/workflows/1468?version=1		Galaxy	gtn, galaxy, name:clinicalmp	2025-06-02	2025-06-02	1	1	7	maxquant, Grep1, Cut1, Grouping1			CC-BY-4.0		Galaxy Training Network	metap.* in description	True	2026-07-08
Query a metaplasmidome database to identify and annotate plasmids in metagenomes	WorkflowHub	1469	https:/workflowhub.eu/workflows/1469?version=1		Galaxy	gtn, galaxy, metagenomics, metaplasmidome, name:microgalaxy	2025-06-02	2025-06-02	1	1	47	CONVERTER_fasta_to_tabular, Add_a_column1, tab2fasta, minimap2, Cut1, Filter1, join1, Grouping1, histogram_rpy, add_column_headers, MQoutputfilter, count_gff_features, tp_replace_in_column, tp_tail_tool, cat1, sort1, tp_sorted_uniq, ggplot2_histogram			MIT		Galaxy Training Network	metage.* in tags	True	2026-07-08
Training: 16S rRNA Sequencing With Mothur: Main Tutorial	WorkflowHub	1465	https:/workflowhub.eu/workflows/1465?version=1		Galaxy	gtn, galaxy, microbiome	2025-06-02	2025-06-02	1	1	38	mothur_summary_single, mothur_filter_seqs, mothur_make_biom, mothur_seq_error, mothur_cluster, mothur_classify_otu, mothur_cluster_split, mothur_screen_seqs, mothur_chimera_vsearch, mothur_remove_lineage, mothur_rarefaction_single, mothur_venn, mothur_heatmap_sim, mothur_sub_sample, mothur_make_contigs, taxonomy_krona_chart, mothur_pre_cluster, mothur_taxonomy_to_krona, mothur_unique_seqs, mothur_count_groups, mothur_align_seqs, mothur_dist_shared, mothur_summary_seqs, newick_display, mothur_make_shared, mothur_classify_seqs, mothur_remove_seqs, mothur_dist_seqs, mothur_count_seqs, mothur_tree_shared, mothur_remove_groups, mothur_get_groups, XY_Plot_1			CC-BY-4.0		Galaxy Training Network	microbiom.* in tags	True	2026-07-08
WF3_VERIFICATION_WORKFLOW	WorkflowHub	1464	https:/workflowhub.eu/workflows/1464?version=1		Galaxy	gtn, galaxy, name:clinicalmp	2025-06-02	2025-06-02	1	1	19	dbbuilder, uniprotxml_downloader, query_tabular, Cut1, Filter1, Remove beginning1, Grouping1, collapse_dataset, pepquery2, tp_cat, fasta_merge_files_and_filter_unique_sequences			CC-BY-4.0		Galaxy Training Network	metap.* in description	True	2026-07-08
Taxonomy Profiling and Visualization with Krona	WorkflowHub	1483	https:/workflowhub.eu/workflows/1483?version=1		Galaxy	gtn, galaxy, name:iwc, name:microgalaxy, name:pathogfair, name:collection	2025-06-02	2025-06-02	1	1	3	taxonomy_krona_chart, kraken2, krakentools_kreport2krona			MIT		Galaxy Training Network	profil.* in name	True	2026-07-08
Metatranscriptomics analysis using microbiome RNA-seq data - Workflow 3: Functional Information	WorkflowHub	1456	https:/workflowhub.eu/workflows/1456?version=2		Galaxy	gtn, galaxy, microbiome	2025-06-23	2025-06-23	2	2	18	humann_renorm_table, humann_split_stratified_table, humann_unpack_pathways, tp_find_and_replace, humann, humann_regroup_table, humann_rename_table, Grep1, tp_sort_header_tool			MIT		Galaxy Training Network	microbiom.* in tags	True	2026-07-08
WF3_VERIFICATION_WORKFLOW	WorkflowHub	1425	https:/workflowhub.eu/workflows/1425?version=1		Galaxy	gtn, galaxy, name:clinicalmp	2025-06-02	2025-06-02	1	1	19	dbbuilder, uniprotxml_downloader, query_tabular, Cut1, Filter1, Remove beginning1, Grouping1, collapse_dataset, pepquery2, tp_cat, fasta_merge_files_and_filter_unique_sequences			CC-BY-4.0		Galaxy Training Network	metap.* in description	True	2026-07-08
Metatranscriptomics analysis using microbiome RNA-seq data - Workflow 2: Community profile	WorkflowHub	1451	https:/workflowhub.eu/workflows/1451?version=2		Galaxy	gtn, galaxy, microbiome	2025-06-23	2025-06-23	2	2	6	metaphlan, Cut1, export2graphlan, taxonomy_krona_chart, graphlan_annotate, graphlan			MIT		Galaxy Training Network	microbiom.* in tags	True	2026-07-08
GTN Training - Antibiotic Resistance Detection	WorkflowHub	406	https:/workflowhub.eu/workflows/406?version=1	Saskia Hiltemann, Willem de Koning	Galaxy	metagenomics	2022-11-24	2023-02-13	1	1	12	nanoplot, unicycler, racon, gfa_to_fa, minimap2, miniasm, bandage_image, PlasFlow, staramr_search	Antimicrobial resistance prediction	Microbiology	CC-BY-4.0		Galaxy Training Network	metage.* in tags	True	2026-07-08
WF2_Discovery-Workflow	WorkflowHub	1396	https:/workflowhub.eu/workflows/1396?version=1		Galaxy	gtn, galaxy, name:clinicalmp	2025-06-02	2025-06-02	1	1	24	fasta_merge_files_and_filter_unique_sequences, filter_tabular, search_gui, query_tabular, Grep1, maxquant, Cut1, peptide_shaker, Filter1, Remove beginning1, Grouping1, msconvert, tp_cat, ident_params, fasta_cli, fasta2tab, dbbuilder			CC-BY-4.0		Galaxy Training Network	metap.* in description	True	2026-07-08
Workflow 5: OTU Clustering [Galaxy Training: 16S Microbial Analysis With Mothur]	WorkflowHub	1404	https:/workflowhub.eu/workflows/1404?version=1		Galaxy	gtn, galaxy, microbiome	2025-06-02	2025-06-02	1	1	6	mothur_sub_sample, mothur_count_groups, mothur_remove_groups, mothur_classify_otu, mothur_cluster_split, mothur_make_shared			MIT		Galaxy Training Network	microbiom.* in tags	True	2026-07-08
MGnify's amplicon pipeline v5.0 - ITS	WorkflowHub	1856	https:/workflowhub.eu/workflows/1856?version=1		Galaxy	amplicon, gtn, galaxy, metagenomics, mgnify_amplicon, name:microgalaxy	2025-08-11	2025-08-11	1	1	30	__FILTER_EMPTY_DATASETS__, , tp_awk_tool, biom_convert, bedtools_maskfastabed, collection_element_identifiers, taxonomy_krona_chart, mapseq, __FILTER_FROM_FILE__			Apache-2.0		Galaxy Training Network	metage.* in tags	True	2025-12-17
MAPseq to ampvis2	WorkflowHub	1855	https:/workflowhub.eu/workflows/1855?version=1		Galaxy	gtn, galaxy, microbiome	2025-08-11	2025-08-11	1	1	9	tp_awk_tool, query_tabular, ampvis2_load, collection_column_join, collapse_dataset			MIT		Galaxy Training Network	microbiom.* in tags	True	2026-07-08
MGnify's amplicon pipeline v5.0 - Quality control PE	WorkflowHub	1854	https:/workflowhub.eu/workflows/1854?version=1		Galaxy	amplicon, gtn, galaxy, metagenomics, mgnify_amplicon, name:microgalaxy	2025-08-11	2025-08-11	1	1	17	fastp, __UNZIP_COLLECTION__, fastq_filter, fastqc, cshl_fasta_formatter, fastq_to_fasta_python, prinseq, tp_find_and_replace, mgnify_seqprep, trimmomatic, multiqc			Apache-2.0		Galaxy Training Network	metage.* in tags	True	2026-07-08
MGnify's amplicon pipeline v5.0	WorkflowHub	1853	https:/workflowhub.eu/workflows/1853?version=1		Galaxy	amplicon, gtn, galaxy, metagenomics, mgnify_amplicon, name:microgalaxy	2025-08-11	2025-08-11	1	1	20	, tp_awk_tool, CONVERTER_gz_to_uncompressed, CONVERTER_uncompressed_to_gz, __MERGE_COLLECTION__, fastq_dl			Apache-2.0		Galaxy Training Network	metage.* in tags	True	2026-07-08
MGnify amplicon summary tables	WorkflowHub	1851	https:/workflowhub.eu/workflows/1851?version=1		Galaxy	amplicon, gtn, galaxy, metagenomics, mgnify_amplicon, name:microgalaxy	2025-08-11	2025-08-11	1	1	10	tp_awk_tool, filter_tabular, query_tabular, collection_column_join, Grouping1			MIT		Galaxy Training Network	metage.* in tags	True	2026-07-08
Metatranscriptomics analysis using microbiome RNA-seq data - Workflow 1: Preprocessing	WorkflowHub	1444	https:/workflowhub.eu/workflows/1444?version=2		Galaxy	gtn, galaxy, microbiome	2025-06-23	2025-06-23	2	2	6	cutadapt, fastqc, fastq_paired_end_interlacer, multiqc, bg_sortmerna			MIT		Galaxy Training Network	microbiom.* in tags	True	2026-07-08
Workflow 4: Mock OTU Clustering [Galaxy Training: 16S Microbial Analysis With Mothur]	WorkflowHub	1408	https:/workflowhub.eu/workflows/1408?version=1		Galaxy	gtn, galaxy, microbiome	2025-06-02	2025-06-02	1	1	4	mothur_dist_seqs, mothur_rarefaction_single, mothur_make_shared, mothur_cluster			MIT		Galaxy Training Network	microbiom.* in tags	True	2026-07-08
Workflow 6: Alpha Diversity [Galaxy Training: 16S Microbial Analysis With Mothur]	WorkflowHub	1412	https:/workflowhub.eu/workflows/1412?version=1		Galaxy	gtn, galaxy, microbiome	2025-06-02	2025-06-02	1	1	3	mothur_summary_single, mothur_rarefaction_single, XY_Plot_1			MIT		Galaxy Training Network	microbiom.* in tags	True	2026-07-08
MGnify's amplicon pipeline v5.0 - Quality control SE	WorkflowHub	1850	https:/workflowhub.eu/workflows/1850?version=1		Galaxy	amplicon, gtn, galaxy, metagenomics, mgnify_amplicon, name:microgalaxy	2025-08-11	2025-08-11	1	1	14	fastq_filter, fastqc, cshl_fasta_formatter, fastq_to_fasta_python, prinseq, tp_find_and_replace, trimmomatic, multiqc			Apache-2.0		Galaxy Training Network	metage.* in tags	True	2026-07-08
Workflow for Identifying MF from ITS2 sequencing using LotuS2 - tutorial example run'	WorkflowHub	1460	https:/workflowhub.eu/workflows/1460?version=1		Galaxy	ecology, fungi, gtn, galaxy, lotus2, metagenomics	2025-06-02	2025-06-02	1	1	1	lotus2			MIT		Galaxy Training Network	metage.* in tags	True	2026-07-08
Workflow7: Beta Diversity [Galaxy Training: 16S Microbial Analysis With Mothur]	WorkflowHub	1418	https:/workflowhub.eu/workflows/1418?version=1		Galaxy	gtn, galaxy, microbiome	2025-06-02	2025-06-02	1	1	6	mothur_venn, mothur_heatmap_sim, mothur_dist_shared, collapse_dataset, mothur_tree_shared, newick_display			MIT		Galaxy Training Network	microbiom.* in tags	True	2026-07-08
Workflow 3: Functional Information (quick)	WorkflowHub	1447	https:/workflowhub.eu/workflows/1447?version=2		Galaxy	asaim, gtn, galaxy, metagenomics	2025-07-14	2025-07-14	2	2	12	humann_renorm_table, Cut1, humann_split_stratified_table, humann_unpack_pathways, tp_find_and_replace, humann_regroup_table, humann_rename_table, Grep1, combine_metaphlan2_humann2			MIT		Galaxy Training Network	metage.* in tags	True	2026-07-08
WF4_Quantitation_Workflow	WorkflowHub	1420	https:/workflowhub.eu/workflows/1420?version=1		Galaxy	gtn, galaxy, name:clinicalmp	2025-06-02	2025-06-02	1	1	7	maxquant, Grep1, Cut1, Grouping1			CC-BY-4.0		Galaxy Training Network	metap.* in description	True	2026-07-08
Pathogen Detection PathoGFAIR Samples Aggregation and Visualisation	WorkflowHub	1487	https:/workflowhub.eu/workflows/1487?version=2		Galaxy	gtn, galaxy, name:iwc, name:microgalaxy, name:pathogfair, name:collection	2025-07-07	2025-07-07	2	2	65	bedtools_getfastabed, tp_split_on_column, tab2fasta, Cut1, Grouping1, Remove beginning1, regex1, fasttree, __FILTER_FAILED_DATASETS__, fasta2tab, regexColumn1, Count1, clustalw, collection_column_join, newick_display, fasta_merge_files_and_filter_unique_sequences, __FILTER_EMPTY_DATASETS__, tp_replace_in_column, barchart_gnuplot, collapse_dataset, tp_multijoin_tool, ggplot2_heatmap, tp_sorted_uniq			MIT		Galaxy Training Network	microbiom.* in description	True	2026-07-08
Nanopore Preprocessing	WorkflowHub	1492	https:/workflowhub.eu/workflows/1492?version=2		Galaxy	gtn, galaxy, name:iwc, name:microgalaxy, name:nanopore, name:pathogfair, name:collection	2025-07-07	2025-07-07	2	2	25	nanoplot, fastp, Add_a_column1, regexColumn1, krakentools_extract_kraken_reads, fastqc, minimap2, porechop, Cut1, collection_column_join, samtools_fastx, kraken2, collapse_dataset, __FILTER_FAILED_DATASETS__, bamtools_split_mapped, Grep1, multiqc			MIT		Galaxy Training Network	microbiom.* in description	True	2025-12-17
Building an amplicon sequence variant (ASV) table from 16S data using DADA2	WorkflowHub	1395	https:/workflowhub.eu/workflows/1395?version=2		Galaxy	gtn, galaxy, microbiome	2025-07-07	2025-07-07	2	2	21	dada2_removeBimeraDenovo, __UNZIP_COLLECTION__, __SORTLIST__, tp_replace_in_line, Add_a_column1, dada2_plotQualityProfile, dada2_dada, cat1, phyloseq_from_dada2, dada2_seqCounts, tp_head_tool, tp_replace_in_column, dada2_mergePairs, collection_element_identifiers, dada2_filterAndTrim, dada2_assignTaxonomyAddspecies, dada2_learnErrors, dada2_makeSequenceTable			MIT		Galaxy Training Network	microbiom.* in tags	True	2026-07-08
Workflow 1: Quality Control [Galaxy Training: 16S Microbial Analysis With Mothur]	WorkflowHub	1422	https:/workflowhub.eu/workflows/1422?version=1		Galaxy	gtn, galaxy, microbiome	2025-06-02	2025-06-02	1	1	5	mothur_summary_seqs, mothur_screen_seqs, mothur_count_seqs, mothur_unique_seqs			MIT		Galaxy Training Network	microbiom.* in tags	True	2026-07-08
MGnify's amplicon pipeline v5.0 - rRNA prediction	WorkflowHub	1842	https:/workflowhub.eu/workflows/1842?version=1		Galaxy	amplicon, gtn, galaxy, metagenomics, mgnify_amplicon, name:microgalaxy	2025-08-04	2025-08-11	1	1	47	__FILTER_EMPTY_DATASETS__, , bedtools_getfastabed, tp_awk_tool, query_tabular, biom_convert, infernal_cmsearch, cshl_fasta_formatter, gops_concat_1, collection_element_identifiers, taxonomy_krona_chart, cmsearch_deoverlap, mapseq, __FILTER_FROM_FILE__			Apache-2.0		Galaxy Training Network	metage.* in tags	True	2026-07-08
WF1_Database_Generation_Workflow	WorkflowHub	1461	https:/workflowhub.eu/workflows/1461?version=1		Galaxy	gtn, galaxy, name:clinicalmp	2025-06-02	2025-06-02	1	1	3	metanovo, fasta_merge_files_and_filter_unique_sequences			CC-BY-4.0		Galaxy Training Network	metap.* in description	True	2026-07-08
Metatranscriptomics analysis using microbiome RNA-seq data	WorkflowHub	1466	https:/workflowhub.eu/workflows/1466?version=2		Galaxy	gtn, galaxy, microbiome	2025-06-23	2025-06-23	2	2	33	metaphlan, Cut1, humann_split_stratified_table, export2graphlan, Grouping1, humann_regroup_table, graphlan_annotate, graphlan, taxonomy_krona_chart, tp_sort_header_tool, multiqc, combine_metaphlan_humann, fastqc, tp_find_and_replace, humann, bg_sortmerna, humann_renorm_table, cutadapt, fastq_paired_end_interlacer, humann_unpack_pathways, humann_rename_table, Grep1			MIT		Galaxy Training Network	microbiom.* in tags	True	2026-07-08
Marine Omics identifying biosynthetic gene clusters	WorkflowHub	1663	https:/workflowhub.eu/workflows/1663?version=1	Marie Jossé	Galaxy	earth-system, gtn, galaxy, marineomics, ocean	2025-06-02	2025-07-28	1	1	5	interproscan, regex1, sanntis_marine, prodigal			CC-BY-4.0	10.48546/workflowhub.workflow.1663.1	Galaxy Training Network, EuroScienceGateway	metab.* in description	True	2025-12-17
Hecatomb	WorkflowHub	235	https:/workflowhub.eu/workflows/235?version=1	Michael Roach	Snakemake		2021-11-11	2024-05-13	1	1	0				MIT	10.48546/workflowhub.workflow.235.1	HecatombDevelopment	metage.* in description	True	2026-07-08
EukRecover	WorkflowHub	475	https:/workflowhub.eu/workflows/475?version=1		Snakemake		2023-05-19	2023-05-19	1	1	0				CC-BY-4.0		HoloFood at MGnify	metage.* in description	True	2026-07-08
MetaGT: A pipeline for de novo assembly of metatranscriptomes with the aid of metagenomic data	WorkflowHub	454	https:/workflowhub.eu/workflows/454?version=1	Andrey Prjibelski, Varsha Kale, Anton Korobeynikov	Nextflow	metagenomics, multi-omics, expression, metatranscriptomics	2023-04-12	2023-04-13	1	1	0				MIT		HoloFood at MGnify	metage.* in tags	True	2026-07-08
Metagenome and metatranscriptome assembly in CWL	WorkflowHub	474	https:/workflowhub.eu/workflows/474?version=2		Common Workflow Language		2023-06-21	2023-06-21	2	2	0				CC-BY-4.0		HoloFood at MGnify	metage.* in name	True	2026-07-08
Pathway Ranker	WorkflowHub	25	https:/workflowhub.eu/workflows/25?version=1	Melchior du Lac	Galaxy	retrosynthesis, synthetic biology, metabolic engineering, pathway design, pathway prediction	2020-05-29	2023-01-16	1	1	12	"
 makeSource, 
 rpReader, 
 rpExtractSink, 
 retropath2, 
 retrorules, 
 rpGlobalScore, 
 rp2paths, 
 rpReport, 
 rpThermo, 
 rpCofactors, 
 rpFBA, 
 rpVisualiser"			MIT		IBISBA Workflows	metab.* in tags	True	2026-07-08
RetroSynthesis	WorkflowHub	24	https:/workflowhub.eu/workflows/24?version=1	Melchior du Lac	Galaxy	retrosynthesis, synthetic biology, metabolic engineering, pathway design, pathway prediction	2020-05-29	2023-01-16	1	1	7	"
 makeSource, 
 rpReader, 
 rpExtractSink, 
 retropath2, 
 retrorules, 
 rp2paths, 
 rpCofactors"			MIT		IBISBA Workflows	metab.* in tags	True	2026-07-08
1: Plant virus detection with kraken2 (SE)	WorkflowHub	124	https:/workflowhub.eu/workflows/124?version=1		Galaxy	virology, kraken	2021-06-17	2023-02-13	1	1	3	taxonomy_krona_chart, kraken2, Kraken2Tax			Apache-2.0		Integrated and Urban Plant Pathology Laboratory	metage.* in description	True	2026-07-08
1: Plant virus detection with kraken2 (PE)	WorkflowHub	101	https:/workflowhub.eu/workflows/101?version=1		Galaxy	virology, kraken	2021-02-04	2023-02-13	1	1	3	taxonomy_krona_chart, kraken2, Kraken2Tax			Apache-2.0		Integrated and Urban Plant Pathology Laboratory	metage.* in description	True	2026-07-08
mapseq-to-ampvis2/main	WorkflowHub	1275	https:/workflowhub.eu/workflows/1275?version=2	Rand Zoabi, Mara Besemer	Galaxy		2025-03-26	2025-08-18	2	2	9	tp_awk_tool, query_tabular, ampvis2_load, collection_column_join, collapse_dataset			MIT		Intergalactic Workflow Commission (IWC)	OTU in description	True	2025-12-17
mgnify-amplicon-pipeline-v5-its/main	WorkflowHub	1273	https:/workflowhub.eu/workflows/1273?version=2	Rand Zoabi, Paul Zierep	Galaxy		2025-03-26	2025-08-18	2	2	30	__FILTER_EMPTY_DATASETS__, , tp_awk_tool, biom_convert, bedtools_maskfastabed, collection_element_identifiers, taxonomy_krona_chart, mapseq, __FILTER_FROM_FILE__			Apache-2.0		Intergalactic Workflow Commission (IWC)	Amplicon in name	True	2026-07-08
mgnify-amplicon-pipeline-v5-quality-control-paired-end/main	WorkflowHub	1272	https:/workflowhub.eu/workflows/1272?version=2	Rand Zoabi, Paul Zierep	Galaxy		2025-03-26	2025-08-18	2	2	17	__UNZIP_COLLECTION__, fastp, fastq_filter, fastqc, cshl_fasta_formatter, fastq_to_fasta_python, prinseq, tp_find_and_replace, mgnify_seqprep, trimmomatic, multiqc			Apache-2.0		Intergalactic Workflow Commission (IWC)	Amplicon in name	True	2026-07-08
mgnify-amplicon-pipeline-v5-quality-control-single-end/main	WorkflowHub	1271	https:/workflowhub.eu/workflows/1271?version=3	Rand Zoabi, Paul Zierep	Galaxy		2025-03-26	2025-08-18	3	3	14	fastq_filter, fastqc, cshl_fasta_formatter, fastq_to_fasta_python, prinseq, tp_find_and_replace, trimmomatic, multiqc			Apache-2.0		Intergalactic Workflow Commission (IWC)	Amplicon in name	True	2026-07-08
mgnify-amplicon-pipeline-v5-rrna-prediction/main	WorkflowHub	1270	https:/workflowhub.eu/workflows/1270?version=2	Rand Zoabi, Paul Zierep	Galaxy		2025-03-26	2025-08-18	2	2	47	__FILTER_EMPTY_DATASETS__, , bedtools_getfastabed, tp_awk_tool, query_tabular, biom_convert, infernal_cmsearch, cshl_fasta_formatter, gops_concat_1, collection_element_identifiers, taxonomy_krona_chart, cmsearch_deoverlap, mapseq, __FILTER_FROM_FILE__			Apache-2.0		Intergalactic Workflow Commission (IWC)	Amplicon in name	True	2025-12-17
mgnify-amplicon-taxonomic-summary-tables/main	WorkflowHub	1269	https:/workflowhub.eu/workflows/1269?version=2	Rand Zoabi	Galaxy		2025-03-26	2025-08-18	2	2	10	tp_awk_tool, filter_tabular, query_tabular, collection_column_join, Grouping1			MIT		Intergalactic Workflow Commission (IWC)	Amplicon in name	True	2026-07-08
clinicalmp-discovery/main	WorkflowHub	1225	https:/workflowhub.eu/workflows/1225?version=1	Subina Mehta	Galaxy		2024-12-10	2025-08-18	1	1	24	fasta_merge_files_and_filter_unique_sequences, filter_tabular, search_gui, query_tabular, Grep1, maxquant, Cut1, peptide_shaker, Filter1, Remove beginning1, Grouping1, msconvert, tp_cat, ident_params, fasta_cli, fasta2tab, dbbuilder			CC-BY-4.0		Intergalactic Workflow Commission (IWC)	metap.* in description	True	2025-12-17
taxonomy-profiling-and-visualization-with-krona/main	WorkflowHub	1059	https:/workflowhub.eu/workflows/1059?version=1	Engy Nasr, Bérénice Batut, Paul Zierep	Galaxy		2024-06-26	2025-08-18	1	1	3	taxonomy_krona_chart, kraken2, krakentools_kreport2krona			MIT	10.48546/workflowhub.workflow.1059.1	Intergalactic Workflow Commission (IWC)	profil.* in name	True	2026-07-08
clinicalmp-verification/main	WorkflowHub	1218	https:/workflowhub.eu/workflows/1218?version=1	Pratik Jagtap	Galaxy		2024-11-26	2025-08-18	1	1	19	dbbuilder, uniprotxml_downloader, query_tabular, Cut1, Filter1, Remove beginning1, Grouping1, collapse_dataset, pepquery2, tp_cat, fasta_merge_files_and_filter_unique_sequences			CC-BY-4.0		Intergalactic Workflow Commission (IWC)	metap.* in description	True	2026-07-08
clinicalmp-quantitation/main	WorkflowHub	1177	https:/workflowhub.eu/workflows/1177?version=1	GalaxyP	Galaxy		2024-10-07	2025-08-18	1	1	7	"extract peptides
Cut1, maxquant, extracting microbial Peptides
Grep1, extracting microbial Proteins
Grep1, Quantified-Proteins
Grouping1, extract proteins
Cut1, Quantified-Peptides
Grouping1"			CC-BY-4.0		Intergalactic Workflow Commission (IWC)	metap.* in description	True	2026-07-08
dada2/main	WorkflowHub	790	https:/workflowhub.eu/workflows/790?version=3	Matthias Bernt	Galaxy	name:amplicon	2025-03-26	2025-08-18	3	3	14	dada2_removeBimeraDenovo, __UNZIP_COLLECTION__, dada2_plotQualityProfile, dada2_dada, dada2_seqCounts, __APPLY_RULES__, dada2_mergePairs, dada2_filterAndTrim, dada2_assignTaxonomyAddspecies, dada2_learnErrors, dada2_makeSequenceTable			MIT		Intergalactic Workflow Commission (IWC)	Amplicon in tags	True	2026-07-08
nanopore-pre-processing/main	WorkflowHub	1061	https:/workflowhub.eu/workflows/1061?version=1	Bérénice Batut, Engy Nasr, Paul Zierep	Galaxy		2024-06-26	2025-08-18	1	1	25	nanoplot, fastp, Add_a_column1, regexColumn1, krakentools_extract_kraken_reads, fastqc, minimap2, porechop, Cut1, collection_column_join, samtools_fastx, kraken2, collapse_dataset, __FILTER_FAILED_DATASETS__, bamtools_split_mapped, Grep1, multiqc			MIT	10.48546/workflowhub.workflow.1061.1	Intergalactic Workflow Commission (IWC)	microbiom.* in description	True	2026-07-08
bacterial_genome_annotation/main	WorkflowHub	1050	https:/workflowhub.eu/workflows/1050?version=12	ABRomics None, Pierre Marin, Clea Siguret	Galaxy	abromics, annotation, genomics, bacterial-genomics, fasta, genome-annotation	2025-07-31	2025-08-18	12	12	6	tooldistillator, isescan, bakta, integron_finder, plasmidfinder, tooldistillator_summarize			GPL-3.0-or-later		Intergalactic Workflow Commission (IWC)	plasmid.* in description	True	2026-07-08
amr_gene_detection/main	WorkflowHub	1049	https:/workflowhub.eu/workflows/1049?version=8	ABRomics None, Pierre Marin, Clea Siguret	Galaxy	abromics, amr, amr-detection, genomics, antibiotic-resistance, antimicrobial resistance, antimicrobial-resistance-genes, bacterial-genomics, fasta	2025-09-18	2025-09-18	8	8	5	tooldistillator, abricate, amrfinderplus, tooldistillator_summarize, staramr_search			GPL-3.0-or-later		Intergalactic Workflow Commission (IWC)	amr in tags	True	2026-07-08
taxonomic-rank-abundance-summary-table/main	WorkflowHub	1296	https:/workflowhub.eu/workflows/1296?version=2	Rand Zoabi	Galaxy		2025-03-26	2025-08-18	2	2	8	tp_awk_tool, filter_tabular, collection_column_join, Grouping1, map_param_value			MIT		Intergalactic Workflow Commission (IWC)	OTU in description	True	2026-07-08
allele-based-pathogen-identification/main	WorkflowHub	1063	https:/workflowhub.eu/workflows/1063?version=5	Engy Nasr, Bérénice Batut, Paul Zierep	Galaxy		2025-03-26	2025-08-18	5	5	23	snpSift_filter, regexColumn1, Count1, minimap2, Cut1, CONVERTER_gz_to_uncompressed, tp_head_tool, bcftools_norm, samtools_depth, samtools_coverage, Remove beginning1, table_compute, collapse_dataset, Paste1, clair3, tp_cut_tool, bcftools_consensus, snpSift_extractFields			MIT		Intergalactic Workflow Commission (IWC)	microbiom.* in description	True	2026-07-08
mgnify-amplicon-pipeline-v5-complete/main	WorkflowHub	1274	https:/workflowhub.eu/workflows/1274?version=2	Rand Zoabi, Paul Zierep	Galaxy		2025-03-26	2025-08-18	2	2	20	, tp_awk_tool, CONVERTER_gz_to_uncompressed, CONVERTER_uncompressed_to_gz, __MERGE_COLLECTION__, fastq_dl			Apache-2.0		Intergalactic Workflow Commission (IWC)	Amplicon in name	True	2026-07-08
qiime2-II-denoising/IIa-denoising-se	WorkflowHub	892	https:/workflowhub.eu/workflows/892?version=3	Debjyoti Ghosh	Galaxy		2024-11-27	2025-08-18	3	3	4	qiime2__feature_table__summarize, qiime2__feature_table__tabulate_seqs, qiime2__metadata__tabulate, qiime2__dada2__denoise_single			MIT		Intergalactic Workflow Commission (IWC)	Amplicon in description	True	2026-07-08
openms-metaprosip/main	WorkflowHub	613	https:/workflowhub.eu/workflows/613?version=2	Matthias Bernt	Galaxy		2024-06-22	2025-08-18	2	2	8	PeptideIndexer, DecoyDatabase, FeatureFinderMultiplex, IDMapper, FalseDiscoveryRate, MetaProSIP, __SORTLIST__, MSGFPlusAdapter			MIT		Intergalactic Workflow Commission (IWC)	metap.* in name	True	2026-07-08
mags-building/main	WorkflowHub	1352	https:/workflowhub.eu/workflows/1352?version=3	Bérénice Batut, Paul Zierep, Mina Hojat Ansari, Patrick Bühler, Santino Faack	Galaxy		2025-06-22	2025-08-18	3	3	36	__UNZIP_COLLECTION__, binette, megahit, samtools_sort, metabat2, __BUILD_LIST__, concoct_cut_up_fasta, pick_value, tp_awk_tool, metabat2_jgi_summarize_bam_contig_depths, __FLATTEN__, bakta, checkm_lineage_wf, gtdbtk_classify_wf, metaspades, Fasta_to_Contig2Bin, semibin, quast, multiqc, concoct, concoct_merge_cut_up_clustering, concoct_extract_fasta_bins, collection_column_join, bowtie2, checkm2, coverm_genome, concoct_coverage_table, maxbin2, drep_dereplicate, map_param_value			MIT		Intergalactic Workflow Commission (IWC)	MAGs in name	True	2026-07-08
gSpreadComp	WorkflowHub	1340	https:/workflowhub.eu/workflows/1340?version=3	Jonas Kasmanas	Shell Script	bioinformatics, genomics, antimicrobial resistance, microbiome	2025-04-20	2025-04-20	3	3	0			Bioinformatics, Comparative genomics, Data curation and archival, Microbiology	GPL-3.0	10.48546/workflowhub.workflow.1340.3	Kasmanas	microbiom.* in tags	True	2025-12-17
MGnify genomes catalogue pipeline	WorkflowHub	462	https:/workflowhub.eu/workflows/462?version=3	Ekaterina Sakharova, Tatiana Gurbich, Martin Beracochea	Nextflow	bioinformatics, metagenomics, nextflow	2024-12-03	2024-12-03	3	3	0				Apache-2.0		MGnify	metage.* in tags	True	2026-07-08
MGnify raw reads taxonomic profiling pipeline	WorkflowHub	450	https:/workflowhub.eu/workflows/450?version=1	Ekaterina Sakharova, Martin Beracochea	Nextflow	metagenomics, nextflow	2023-03-30	2023-03-30	1	1	0	Biopython, Metagenomic operational taxonomic units (mOTUs), MAPseq, Infernal			Apache-2.0		MGnify	metage.* in tags	True	2026-07-08
Mobilome Annotation Pipeline	WorkflowHub	452	https:/workflowhub.eu/workflows/452?version=2	Alejandra Escobar, Martin Beracochea	Nextflow	genomics, mge, metagenomics, mobilome, nextflow	2025-06-17	2025-06-17	2	2	0			Metagenomics, Mobile genetic elements	Apache-2.0		MGnify	edam	True	2026-07-08
MGnify - raw-reads analysis pipeline	WorkflowHub	362	https:/workflowhub.eu/workflows/362?version=1	Ekaterina Sakharova, Varsha Kale, Martin Beracochea	Common Workflow Language	cwl, metagenomics, workflows	2022-06-07	2023-01-16	1	1	4				Apache-2.0	10.48546/workflowhub.workflow.362.1	MGnify	metage.* in tags	True	2025-12-17
MGnify - amplicon analysis pipeline	WorkflowHub	361	https:/workflowhub.eu/workflows/361?version=1	Alex L Mitchell,  Alexandre Almeida,  Martin Beracochea,  Miguel Boland,  Josephine Burgin,  Guy Cochrane,  Michael R Crusoe,  Varsha Kale,  Simon C Potter,  Lorna J Richardson,  Ekaterina Sakharova,  Maxim Scheremetjew,  Anton Korobeynikov,  Alex Shlemov,  Olga Kunyavskaya,  Alla Lapidus,  Robert D Finn	Common Workflow Language	cwl, metagenomics, rna, workflow	2022-06-07	2023-01-16	1	1	3				Apache-2.0		MGnify	metage.* in tags	True	2025-12-17
BioSIFTR	WorkflowHub	1735	https:/workflowhub.eu/workflows/1735?version=1	Alejandra Escobar	Nextflow		2025-06-17	2025-06-17	1	1	0			Metagenomics	Apache-2.0	10.48546/workflowhub.workflow.1735.1	MGnify	edam	True	2026-07-08
VIRify	WorkflowHub	26	https:/workflowhub.eu/workflows/26?version=1	Martin Beracochea	Common Workflow Language	covid-19	2020-06-08	2023-01-16	1	1	17	krona plots, ViPhOG annotations, Default lenght 1kb https://github.com/EBI-Metagenomics/emg-virify-scripts/issues/6, hmmscan, MashMap, PPR-Meta, Restore fasta names, Blast in a database of viral sequences including metagenomes, Prodigal, VirFinder, Filter contigs, Combine, ratio evalue ViPhOG, VirSorter, Taxonomic assign			Apache-2.0	10.48546/workflowhub.workflow.26.1	MGnify	metage.* in description	True	2026-07-08
nf-core/proteinfamilies	WorkflowHub	1954	https:/workflowhub.eu/workflows/1954?version=2	Evangelos Karatzas, Martin Beracochea	Nextflow	bioinformatics, proteomics, protein-families	2025-10-22	2025-10-22	2	2	0				MIT	10.48546/workflowhub.workflow.1954.2	MGnify	profil.* in description	True	2026-07-08
MGnify - assembly analysis pipeline	WorkflowHub	360	https:/workflowhub.eu/workflows/360?version=2	 Alex L Mitchell,  Alexandre Almeida,  Martin Beracochea,  Miguel Boland,  Josephine Burgin,  Guy Cochrane,  Michael R Crusoe,  Varsha Kale,  Simon C Potter,  Lorna J Richardson,  Ekaterina Sakharova,  Maxim Scheremetjew,  Anton Korobeynikov,  Alex Shlemov,  Olga Kunyavskaya,  Alla Lapidus,  Robert D Finn	Common Workflow Language	annotation, cwl, metagenomics, workflow	2022-06-07	2023-04-28	2	2	4				Apache-2.0		MGnify, HoloFood at MGnify	metage.* in tags	True	2025-12-17
VIRify	WorkflowHub	27	https:/workflowhub.eu/workflows/27?version=1	Martin Beracochea	Nextflow	covid-19	2020-06-08	2023-03-24	1	1	0				Apache-2.0		MGnify, HoloFood at MGnify	metage.* in description	True	2026-07-08
Tango: Numerical reconciliation of bacterial fermentation in cheese production	WorkflowHub	873	https:/workflowhub.eu/workflows/873?version=1		Common Workflow Language		2024-05-03	2024-05-03	1	1	6			Microbial ecology	GPL-3.0		MISTIC	metab.* in description	True	2026-07-08
Exploring the role of normalization and feature selection in microbiome disease classification pipelines	WorkflowHub	1807	https:/workflowhub.eu/workflows/1807?version=1	Ignacio Garach	Python	bioinformatics, machine learning, metagenomics	2025-07-13	2025-07-13	1	1	0			Machine learning, Metagenomics	GPL-3.0	10.48546/workflowhub.workflow.1807.1	Machine Learning Techniques in Microbiome	edam	True	2026-07-08
ProGFASTAGen - Protein-Graph FASTA Generation (and Identification) Workflows	WorkflowHub	837	https:/workflowhub.eu/workflows/837?version=1	Dominik Lux, Julian Uszkoreit	Nextflow	bioinformatics, proteomics	2024-04-26	2024-04-26	1	1	0		Peptide identification, Protein identification	Bioinformatics, Protein variants, Proteomics	BSD-3-Clause	10.48546/workflowhub.workflow.837.1	Medizinisches Proteom-Center, Medical Bioinformatics	binn.* in description	True	2026-07-08
SnakeMAGs: a simple, efficient, flexible and scalable workflow to reconstruct prokaryotic genomes from metagenomes	WorkflowHub	554	https:/workflowhub.eu/workflows/554?version=1	Nachida Tadrent, Franck Dedeine, Vincent Hervé	Snakemake	bioinformatics, mag, metagenomics, binning	2023-08-02	2023-08-02	1	1	0			Bioinformatics, Metagenomics	CECILL-2.1		Metagenomic tools	edam	True	2026-07-08
Use Case 10: Guilt by Association	WorkflowHub	1244	https:/workflowhub.eu/workflows/1244?version=2	Playbook Partnership NIH CFDE	Playbook Workflow Builder Workflow		2025-02-25	2025-02-25	2	2	4	"Extract nodes that are ""guilty by association"" and connect your initial genes of interest within the graph., Start with a set of Genes, Extract nodes that are determined to be highly connected by CTD in your initial node set and display them in a table., Use CTD to ""Connect the Dots"" and identify highly connected set of proteins in the STRING protein interaction graph. *Please note 10-150 genes of interest are required to run CTD"			CC-BY-4.0	10.48546/workflowhub.workflow.1244.2	NIH CFDE Playbook Workflow Partnership	metab.* in description	True	2026-07-08
ONT -- Metagenomics-Kraken2-Krona	WorkflowHub	53	https:/workflowhub.eu/workflows/53?version=1	Milad Miladi	Galaxy	ont	2020-08-05	2023-02-13	1	1	4	taxonomy_krona_chart, tp_replace_in_line, kraken2, datamash_reverse			MIT		NanoGalaxy	metage.* in name	True	2026-07-08
ONT Artificial Deletion Filter-Delter	WorkflowHub	1205	https:/workflowhub.eu/workflows/1205?version=2	Qiang Ye	Snakemake	bioinformatics, indels, r, workflows	2024-12-17	2024-12-17	2	2	0		Statistical calculation	Computational biology	MIT	10.48546/workflowhub.workflow.1205.2	NkuyfqLab	Amplicon in description	True	2026-07-08
Pangenome databases provide superior host removal and mycobacteria classification from clinical metagenomic data	WorkflowHub	700	https:/workflowhub.eu/workflows/700?version=2	Michael Hall	Snakemake		2024-01-10	2024-01-10	2	2	0				MIT	10.48546/workflowhub.workflow.700.2	Pangenome database project	metage.* in name	True	2026-07-08
Workflow 1: Further Quality Control [16S Microbial Analysis With Mothur]	WorkflowHub	648	https:/workflowhub.eu/workflows/648?version=1	Saskia  Hiltemann, Bérénice Batut, Dave Clements, Ahmed Mehdi	Galaxy	metagenomics	2023-11-09	2023-11-09	1	1	5	mothur_summary_seqs, mothur_screen_seqs, mothur_count_seqs, mothur_unique_seqs			CC-BY-4.0		QCIF Bioinformatics	metage.* in tags	True	2026-07-08
Workflow 5: OTU Clustering [16S Microbial Analysis With Mothur]	WorkflowHub	651	https:/workflowhub.eu/workflows/651?version=1	Saskia Hiltemann, Bérénice Batut, Dave Clements, Ahmed Mehdi	Galaxy	metagenomics	2023-11-09	2023-11-09	1	1	5	mothur_sub_sample, mothur_count_groups, mothur_classify_otu, mothur_cluster_split, mothur_make_shared			CC-BY-4.0		QCIF Bioinformatics	metage.* in tags	True	2026-07-08
Workflow 6: Alpha Diversity [16S Microbial Analysis With Mothur]	WorkflowHub	652	https:/workflowhub.eu/workflows/652?version=1	Saskia Hiltemann, Bérénice Batut, Dave Clements, Ahmed Mehdi	Galaxy	metagenomics	2023-11-09	2023-11-09	1	1	3	mothur_summary_single, mothur_rarefaction_single, XY_Plot_1			CC-BY-4.0		QCIF Bioinformatics	metage.* in tags	True	2026-07-08
Workflow 7 : Beta Diversity [16S Microbial Analysis With Mothur]	WorkflowHub	653	https:/workflowhub.eu/workflows/653?version=1	Saskia Hiltemann, Bérénice Batut, Dave Clements, Ahmed Mehdi	Galaxy	metagenomics	2023-11-09	2023-11-09	1	1	4	mothur_tree_shared, mothur_dist_shared, newick_display, mothur_heatmap_sim			CC-BY-4.0		QCIF Bioinformatics	metage.* in tags	True	2026-07-08
Taxonomy classification using Kraken2 and Bracken	WorkflowHub	1199	https:/workflowhub.eu/workflows/1199?version=2	Valentine Murigneux, Mike Thang	Galaxy	gucfg2galaxy, metagenomics, name:collection, shotgun	2024-12-10	2024-12-10	2	2	29	"Prepare alpha diversity summary file (paste sample identifiers and Simpson results)
Paste1, __RELABEL_FROM_FILE__, krakentools_kreport2krona, add_line_to_file, Prepare alpha diversity summary file
Paste1, Fisher results contains a header line we want to exclude ""Fisher's alpha...loading""
Show tail1, Prepare alpha diversity summary file (paste Simpson and Fisher results)
Paste1, cat_multiple, collection_column_join, Extract column name and fraction_total_reads from Bracken report
Cut1, krakentools_combine_kreports, collection_element_identifiers, taxonomy_krona_chart, krakentools_beta_diversity, regex1, kraken2, est_abundance, krakentools_alpha_diversity"		Metagenomics, Taxonomy	CC-BY-4.0	10.48546/workflowhub.workflow.1199.2	QCIF Bioinformatics	edam	True	2026-07-08
Analyses of shotgun metagenomics data with MetaPhlAn2	WorkflowHub	624	https:/workflowhub.eu/workflows/624?version=1	Valentine Murigneux, Mike Thang, Saskia Hiltemann, Bérénice Batut	Galaxy	gucfg2galaxy, metagenomics, shotgun	2023-10-26	2024-04-05	1	1	17	, metaphlan2, humann2_regroup_table, Cut1, merge_metaphlan_tables, taxonomy_krona_chart, humann2, metaphlan2krona, humann2_renorm_table	Taxonomic classification	Metagenomic sequencing, Metagenomics	CC-BY-4.0	10.48546/workflowhub.workflow.624.1	QCIF Bioinformatics	edam	True	2026-07-08
16S_biodiversity_for_overlap_paired_end	WorkflowHub	232	https:/workflowhub.eu/workflows/232?version=1		Galaxy	metadegalaxy	2021-11-10	2024-04-17	1	1	27	"
 addValue, vsearch_chimera_detection, uclust2otutable, phyloseq_abundance, samtools_fastx, vsearch_search, bwa_mem, vsearch_clustering, phyloseq_taxonomy, picard_MergeSamFiles, biom_add_metadata, symmetricPlot, phyloseq_net, 
 Cut1, iuc_pear, vsearch_dereplication, fastqc, phyloseq_DESeq2, picard_FilterSamReads, phyloseq_richness, 
 cat1, biom_convert, trimmomatic"	Taxonomic classification	Metagenomics	GPL-3.0		QCIF Bioinformatics	edam	True	2025-12-17
16S_biodiversity_for_nonoverlap_paired_end	WorkflowHub	233	https:/workflowhub.eu/workflows/233?version=1		Galaxy	metadegalaxy	2021-11-10	2024-04-17	1	1	25	"
 addValue, vsearch_chimera_detection, uclust2otutable, phyloseq_abundance, samtools_fastx, vsearch_search, bwa_mem, vsearch_clustering, phyloseq_taxonomy, biom_add_metadata, symmetricPlot, phyloseq_net, 
 Cut1, vsearch_dereplication, fastqc, phyloseq_DESeq2, picard_FilterSamReads, phyloseq_richness, cat_multi_datasets, 
 cat1, biom_convert, trimmomatic"	Taxonomic classification	Metagenomics	GPL-3.0		QCIF Bioinformatics	edam	True	2025-12-17
Workflow 2: Data Cleaning And Chimera Removal [16S Microbial Analysis With Mothur]	WorkflowHub	649	https:/workflowhub.eu/workflows/649?version=1	Saskia Hiltemann, Bérénice Batut, Dave Clements, Ahmed Mehdi	Galaxy	metagenomics	2023-11-09	2023-11-09	1	1	9	mothur_screen_seqs, mothur_filter_seqs, mothur_chimera_vsearch, mothur_remove_seqs, mothur_summary_seqs, mothur_pre_cluster, mothur_unique_seqs			CC-BY-4.0		QCIF Bioinformatics	metage.* in tags	True	2026-07-08
Workflow 3: Classification [Galaxy Training: 16S Microbial Analysis With Mothur]	WorkflowHub	650	https:/workflowhub.eu/workflows/650?version=1	Saskia Hiltemann, Bérénice Batut, Dave Clements, Ahmed Mehdi	Galaxy	metagenomics	2023-11-09	2023-11-09	1	1	2	mothur_remove_lineage, mothur_classify_seqs			CC-BY-4.0		QCIF Bioinformatics	metage.* in tags	True	2026-07-08
Theoretical fragment substructure generation and in silico mass spectral library high-resolution upcycling workflow	WorkflowHub	888	https:/workflowhub.eu/workflows/888?version=2	Zargham Ahmad, Helge Hecht, Elliott J. Price	Galaxy	bioinformatics, cheminformatics, metabolomics	2024-06-06	2024-06-19	2	2	22	csv_to_tabular, column_remove_by_header, matchms_convert, rem_complex, matchms_remove_key, matchms_add_key, matchms_filtering, tabular_to_csv, matchms_subsetting, recetox_msfinder, tp_find_and_replace, matchms_metadata_export, use_theoretical_mz_annotations, msmetaenhancer	Annotation, Data filtering, Information retrieval	Compound libraries and screening, Computational chemistry, Data mining, Small molecules	CC-BY-4.0	10.48546/workflowhub.workflow.888.2	RECETOX SpecDatRI	metab.* in tags	True	2026-07-08
SAMBA-norovirus	WorkflowHub	1727	https:/workflowhub.eu/workflows/1727?version=1	Cyril Noel, Antoine Veron, Françoise Vincent-Hubert, Julien Schaeffer, Marion Desdouits, Soizick Le Guyader	Nextflow	metabarcoding, workflows, taxonomic-classification	2025-06-10	2025-06-10	1	1	0		Taxonomic classification	Metabarcoding, Workflows	AGPL-3.0	10.48546/workflowhub.workflow.1727.1	SeBiMER	edam	True	2026-07-08
SAMBA: Standardized and Automated MetaBarcoding Analyses workflow	WorkflowHub	156	https:/workflowhub.eu/workflows/156?version=1	Cyril Noel, Alexandre Cormier, Laura Leroi, Patrick Durand	Nextflow	16s, 18s, metabarcoding, nextflow, edna	2021-09-10	2025-06-05	1	1	0				AGPL-3.0	10.48546/workflowhub.workflow.156.1	SeBiMER	metab.* in tags	True	2026-07-08
Workflow 4: Staramr	WorkflowHub	470	https:/workflowhub.eu/workflows/470?version=1		Galaxy	10.3390/microorganisms10020292, amr, amr-detection, bioinformatics, antimicrobial resistance	2023-05-11	2024-09-09	1	1	10	hamronize_tool, shovill, abricate, tp_find_and_replace, hamronize_summarize, collapse_dataset, staramr_search			GPL-3.0		Seq4AMR	amr in tags	True	2026-07-08
Workflow 3: AMR - SeqSero2/SISTR	WorkflowHub	407	https:/workflowhub.eu/workflows/407?version=1		Galaxy	bioinformatics, antimicrobial resistance	2022-11-24	2024-09-09	1	1	14	__UNZIP_COLLECTION__, kma_map, srst2, hamronize_tool, sistr_cmd, bbtools_tadpole, shovill, hamronize_summarize, mob_recon, seqsero2, bbtools_bbduk			GPL-3.0		Seq4AMR	antimicrobial.* in tags	True	2026-07-08
AMR-Pathfinder	WorkflowHub	1189	https:/workflowhub.eu/workflows/1189?version=2	Helena Rasche, Dennis Dollée, Birgit Rijvers	Galaxy	amr, amr-detection, benchamrking	2024-11-14	2024-12-24	2	2	36	, tp_split_on_column, Cut1, tp_text_file_with_recurring_lines, datamash_ops, cat1, staramr_search, addValue, tp_find_and_replace, hamronize_summarize, cast, __MERGE_COLLECTION__, cat_multi_datasets, hamronize_tool, shovill, __APPLY_RULES__, abricate, collapse_dataset, Grep1	Antimicrobial resistance prediction		MIT		Seq4AMR, ErasmusMC Clinical Bioinformatics	amr in tags	True	2025-12-17
Metaenome-Atlas	WorkflowHub	1183	https:/workflowhub.eu/workflows/1183?version=1		Python		2024-10-21	2024-10-21	1	1	0			Metagenomics	BSD-3-Clause		Snakemake-Workflows	edam	True	2025-12-17
Shotgun-Metagenomics-Analysis	WorkflowHub	327	https:/workflowhub.eu/workflows/327?version=1	Cali Willet, Rosemarie Sadsad, Tracy Chew	Shell Script	assembly, diamond, metagenomics, abricate, antimicrobial resistance, bbmap, braken, humann2, kraken, prokka, shotgun, whole genome sequencing	2022-04-07	2023-01-16	1	1	0			Metagenomic sequencing, Metagenomics	GPL-3.0	10.48546/workflowhub.workflow.327.1	Sydney Informatics Hub, Australian BioCommons	edam	True	2026-07-08
Long Read WGS pipeline	WorkflowHub	1868	https:/workflowhub.eu/workflows/1868?version=1	Martijn Melissen	Common Workflow Language	annotation, assembly, bioinformatics, cwl, galaxy, genomics, python, workflows, plasmid, plasmids	2025-08-12	2025-08-12	1	1	31	Flye, Filtlong, Minimap2, Clair3, FreeBayes, Bakta, snpEff, Liftoff	Conversion, Generation	Bioinformatics, Genomics, Sequence assembly	CC-BY-4.0		Systems and Synthetic Biology	plasmid.* in tags	True	2026-07-08
reference (and plasmid) preprocessing workflow	WorkflowHub	1818	https:/workflowhub.eu/workflows/1818?version=1	Martijn Melissen	Common Workflow Language	bioinformatics, cwl, genbank, gff3, plasmids	2025-07-22	2025-08-12	1	1	6	Determines relevant final outputs., Merges plasmids when more than one are present., Merges the plasmid(s) with the reference GenBank file., Downloads the associated GenBank file from the supplied accession number., Extracts GFF3 annotation file from the (merged) reference., Extracts FASTA file from input reference file when no plasmids are provided.			Apache-2.0		Systems and Synthetic Biology	plasmid.* in tags	True	2026-07-08
TronFlow alignment pipeline	WorkflowHub	418	https:/workflowhub.eu/workflows/418?version=1		Nextflow	alignment, bwa, bioinformatics, star, fastp	2023-01-17	2023-01-17	1	1	0				MIT		TRON gGmbH	profil.* in description	True	2026-07-08
Quality assessment, amplicon classification and functional prediction	WorkflowHub	154	https:/workflowhub.eu/workflows/154?version=2	Bart Nijsse, Jasper Koehorst	Common Workflow Language	amplicon, cwl, classification	2021-09-30	2025-09-11	2	2	10				AFL-3.0	10.48546/workflowhub.workflow.154.2	UNLOCK	Amplicon in tags	True	2026-07-08
Metagenomic Binning from Assembly	WorkflowHub	64	https:/workflowhub.eu/workflows/64?version=12	Jasper Koehorst, Bart Nijsse	Common Workflow Language	metagenomics, binning, metagenome, microbial	2025-10-03	2025-10-03	12	6	31	MetaBAT 2, SemiBin, MaxBin, Binette, BUSCO, CheckM2	Sequence assembly	Metagenomics	Apache-2.0		UNLOCK	edam	True	2026-07-08
Metagenomic GEMs from Assembly	WorkflowHub	372	https:/workflowhub.eu/workflows/372?version=1	Bart Nijsse, Jasper Koehorst	Common Workflow Language	gem, genomics, metagenomics, carveme, memote	2022-07-07	2023-01-16	1	1	11	Take a snapshot of a model's state and generate a report., Preparation of workflow output files to a specific output folder, Compress CarveMe GEM, Species METabolic interaction ANAlysis, Compress prodigal protein files, Genome-scale metabolic models reconstruction with CarveMe, prodigal gene/protein prediction, CarveMe GEM statistics, MEMOTE run analsis	Metabolic pathway prediction	Metagenomics, Sequence analysis	Apache-2.0		UNLOCK	edam	True	2026-07-08
LongRead Quality Control and Filtering	WorkflowHub	337	https:/workflowhub.eu/workflows/337?version=1	Bart Nijsse, Jasper Koehorst, Germán Royval	Common Workflow Language	assembly, cwl, genomics, nanopore	2022-04-21	2023-04-07	1	1	9	Converts the file array to a single file object, Removal of contaminated reads using minimap2 mapping, Preparation of fastp output files to a specific output folder, Quality assessment and report of reads before filter, Merge fastq files, Prepare BBMap references to a single fasta file and unique headers, Visualization of Kraken2 classification with Krona, Taxonomic classification of FASTQ reads	Sequencing quality control	Metagenomic sequencing, Metagenomics, Sequence analysis, Sequencing	Apache-2.0		UNLOCK	edam	True	2025-12-17
Longread 16S classification workflow	WorkflowHub	1952	https:/workflowhub.eu/workflows/1952?version=1	Bart Nijsse, Jasper Koehorst	Common Workflow Language	amplicon, bioinformatics, long-reads, oxford-nanopore, pacbio	2025-09-10	2025-09-10	1	1	4	NanoPlot, fastplong		Bioinformatics, Workflows	Apache-2.0		UNLOCK	Amplicon in tags	True	2026-07-08
NGTax	WorkflowHub	45	https:/workflowhub.eu/workflows/45?version=7	Jasper Koehorst, Bart Nijsse	Common Workflow Language	16s, amplicon, its	2020-10-28	2023-01-16	7	1	5				CC0-1.0		UNLOCK	16S in tags	True	2026-07-08
(Hybrid) Metagenomics workflow	WorkflowHub	367	https:/workflowhub.eu/workflows/367?version=3	Bart Nijsse, Jasper Koehorst, Changlin Ke	Common Workflow Language	assembly, metagenomics, binning, illumina	2025-09-09	2025-09-09	3	3	23	SPAdes, Flye, Minimap2, NanoPlot, QUAST, SemiBin, MetaBAT 2, MaxBin, kraken2, BUSCO, CheckM, InterProScan (EBI), eggNOG, kofamscan, KofamKOALA, Sequali, Hostile, Binette	Sequence assembly	Bioinformatics, Metagenomic sequencing, Metagenomics, Sequence assembly	Apache-2.0		UNLOCK	edam	True	2026-07-08
Microbial (meta-) genome annotation	WorkflowHub	1170	https:/workflowhub.eu/workflows/1170?version=1	Jasper Koehorst, Bart Nijsse	Common Workflow Language	annotation, bioinformatics, genome, metagenome, microbial	2024-10-01	2025-10-03	1	1	9	KofamScan, eggNOG-mapper, Move all Bakta files to a folder, Bacterial genome annotation tool, Compress files when compression is true, Compress Bakta, Gather files when compression is false, InterProScan 5	Annotation, Gene functional annotation, Genome annotation	Microbiology	Apache-2.0		UNLOCK	metage.* in tags	True	2026-07-08
AmpSeeker	WorkflowHub	1729	https:/workflowhub.eu/workflows/1729?version=1		Snakemake		2025-06-12	2025-06-12	1	1	0				CC-BY-4.0		Vector informatics and genomics group	Amplicon in description	True	2026-07-08
Soil Metagenome Pipeline	WorkflowHub	1960	https:/workflowhub.eu/workflows/1960?version=1	Caner Bagci	Nextflow	annotation, assembly, bioinformatics, genomics, metagenomics, biosynthetic-gene-clusters	2025-09-19	2025-09-19	1	1	0	Flye, Medaka, NextPolish, Minimap2, SAMtools, CoverM, strobealign, SemiBin, VAMB, MetaCoAG, CheckM2, CheckM, GTDB, Bakta, eggNOG-mapper v2, antiSMASH, MMseqs2, metabuli	Genome annotation, Sequence assembly, Taxonomic classification	Bioinformatics, Metagenomics, Sequence assembly	GPL-3.0-or-later	10.48546/workflowhub.workflow.1960.1	ZiemertLab	edam	True	2026-07-08
Gene Expression Analysis Workflow in Complex Microbiomes	WorkflowHub	1955	https:/workflowhub.eu/workflows/1955?version=2	Ryo Mameda, Sora Yonezawa	Common Workflow Language	annotation, metagenomics, metatranscriptomics	2025-10-02	2025-10-02	2	2	3	BLASTN rRNA annotation process	Gene expression profiling, Genome annotation, Sequence annotation, Sequence assembly, Sequence trimming	Bioinformatics, Microbiology, Sequence analysis, Sequence assembly	MIT	10.48546/workflowhub.workflow.1955.2	bonohulab	metage.* in tags	True	2026-07-08
3D genome builder (3DGB)	WorkflowHub	2010	https:/workflowhub.eu/workflows/2010?version=1		Snakemake		2025-10-26	2025-10-26	1	1	0			Functional genomics, Genomics	BSD-3-Clause		datafun	profil.* in description	True	2026-07-08
A workflow for marine Genomic Observatories data analysis	WorkflowHub	384	https:/workflowhub.eu/workflows/384?version=3	Haris Zafeiropoulos, Martin Beracochea	Common Workflow Language	biodiversity	2023-05-16	2023-05-16	3	3	0				Apache-2.0	10.48546/workflowhub.workflow.384.3	emo-bon	metage.* in description	True	2026-07-08
nf-core/mag	WorkflowHub	995	https:/workflowhub.eu/workflows/995?version=30	No author provided, Hadrien Gourlé, Daniel Straub, Sabrina Krakau	Nextflow	annotation, assembly, metagenomics, binning, long-read-sequencing, metagenomes, nanopore, nanopore-sequencing	2025-05-23	2025-05-23	30	30	0				MIT		nf-core	metage.* in tags	True	2026-07-08
nf-core/taxprofiler	WorkflowHub	1025	https:/workflowhub.eu/workflows/1025?version=16	James A. Fellows Yates, Sofia Stamouli, Moritz E. Beber, Lauri Mesilaakso, Thomas A. Christensen II, Jianhong Ou, Mahwash Jamy, Maxime Borry, Rafal Stepien, Tanja Normark	Nextflow	classification, metagenomics, profiling, illumina, long-reads, microbiome, nanopore, pathogen, shotgun, taxonomic-classification, taxonomic-profiling	2025-09-03	2025-09-03	16	16	0				MIT		nf-core	metage.* in tags	True	2026-07-08
nf-core/createtaxdb	WorkflowHub	1742	https:/workflowhub.eu/workflows/1742?version=1		Nextflow	metagenomics, profiling, database, database-builder, metagenomic-profiling, taxonomic-profiling	2025-06-20	2025-06-20	1	1	0				MIT		nf-core	metage.* in tags	True	2025-12-17
Joon-Klaps/viralgenie	WorkflowHub	1757	https:/workflowhub.eu/workflows/1757?version=2	Joon-Klaps None, Joon-Klaps None	Nextflow	fastq, ngs, virology, epidemiology, viral-metagenomics, virus-genomes	2025-06-25	2025-06-25	2	2	0				MIT		nf-core	metage.* in tags	True	2025-12-17
nf-core/metatdenovo	WorkflowHub	997	https:/workflowhub.eu/workflows/997?version=6	Danilo Di Leo, Emelie Nilsson & Daniel Lundin	Nextflow	metagenomics, eukaryotes, metatranscriptomics, prokaryotes, viruses	2025-09-03	2025-09-03	6	6	0				MIT		nf-core	metage.* in tags	True	2026-07-08
nf-core/pathogensurveillance	WorkflowHub	1763	https:/workflowhub.eu/workflows/1763?version=1		Nextflow		2025-06-29	2025-06-29	1	1	0				MIT		nf-core	profil.* in description	True	2026-07-08
nf-core/genomeassembler	WorkflowHub	1325	https:/workflowhub.eu/workflows/1325?version=3		Nextflow	genome-assembly	2025-07-22	2025-07-22	3	3	0				MIT		nf-core	profil.* in description	True	2026-07-08
nf-core/detaxizer	WorkflowHub	979	https:/workflowhub.eu/workflows/979?version=3	Jannik Seidel	Nextflow	fastq, metabarcoding, metagenomics, de-identification, decontamination, edna, filter, long-reads, microbiome, nanopore, short-reads, shotgun, taxonomic-classification, taxonomic-profiling	2025-08-08	2025-08-08	1	3	0				MIT		nf-core	metage.* in tags	True	2026-07-08
nf-core/metaboigniter	WorkflowHub	57	https:/workflowhub.eu/workflows/57?version=4	Payam Emami	Nextflow	metabolomics, identification, mass-spectrometry, ms1, ms2, quantification	2024-06-11	2024-06-11	4	4	0				MIT		nf-core	metab.* in tags	True	2026-07-08
nf-core/proteinfamilies	WorkflowHub	1294	https:/workflowhub.eu/workflows/1294?version=5		Nextflow	metagenomics, proteomics, protein-families	2025-08-08	2025-08-08	5	5	0				MIT		nf-core	metage.* in tags	True	2026-07-08
nf-core/ampliseq	WorkflowHub	964	https:/workflowhub.eu/workflows/964?version=28	Daniel Straub, Alexander Peltzer	Nextflow	16s, 18s, its, metabarcoding, metagenomics, amplicon-sequencing, edna, illumina, iontorrent, metataxonomics, microbiome, pacbio, qiime2, rrna, taxonomic-classification, taxonomic-profiling	2025-10-10	2025-10-10	28	28	0				MIT		nf-core	metage.* in tags	True	2025-12-17
nf-core/pangenome	WorkflowHub	1007	https:/workflowhub.eu/workflows/1007?version=5	Simon Heumos, Michael L Heuer	Nextflow	pangenome	2025-02-10	2025-03-14	1	5	0				MIT		nf-core	profil.* in description	True	2026-07-08
nf-core/phyloplace	WorkflowHub	1009	https:/workflowhub.eu/workflows/1009?version=2	Daniel Lundin	Nextflow	evolution, evolutionary-tree, phylogenetic-placement, phylogenetics, sequence-classification, taxonomy-assignment	2025-02-25	2025-02-25	1	2	0				MIT		nf-core	profil.* in description	True	2026-07-08
nf-core/methylseq	WorkflowHub	998	https:/workflowhub.eu/workflows/998?version=20	Phil Ewels	Nextflow	epigenomics, bisulfite-sequencing, dna-methylation, em-seq, epigenome, methyl-seq, pbat, rrbs	2025-08-13	2025-08-13	20	20	0				MIT		nf-core	profil.* in description	True	2026-07-08
nf-core/multiplesequencealign	WorkflowHub	1178	https:/workflowhub.eu/workflows/1178?version=3	Luisa Santus, Jose Espinosa Carrasco	Nextflow		2025-05-29	2025-05-29	3	3	0				MIT		nf-core	profil.* in description	True	2026-07-08
nf-core/nascent	WorkflowHub	1004	https:/workflowhub.eu/workflows/1004?version=6	Ignacio Tripodi, Margaret Gruca	Nextflow	gro-seq, nascent, pro-seq, rna, transcription, tss	2025-05-09	2025-05-09	1	6	0				MIT		nf-core	profil.* in description	True	2026-07-08
nf-core/methylong	WorkflowHub	1360	https:/workflowhub.eu/workflows/1360?version=1		Nextflow		2025-05-10	2025-05-10	1	1	0				MIT		nf-core	profil.* in description	True	2026-07-08
nf-core/metapep	WorkflowHub	1217	https:/workflowhub.eu/workflows/1217?version=1	Sabrina Krakau, Leon Kuchenbecker and Till Englert	Nextflow		2024-11-23	2024-11-23	1	1	0				MIT		nf-core	metap.* in name	True	2026-07-08
nf-core/viralrecon	WorkflowHub	1027	https:/workflowhub.eu/workflows/1027?version=11	Sarai Varona and Sara Monzon, Patel H, Varona S and Monzon S	Nextflow	artic, amplicon, assembly, metagenomics, ont, sars-cov-2, virus, covid-19, covid19, illumina, long-read-sequencing, nanopore, oxford-nanopore, variant-calling, viral	2024-06-11	2024-06-11	11	11	0				MIT		nf-core	metage.* in tags	True	2026-07-08
nf-core/viralrecon	WorkflowHub	19	https:/workflowhub.eu/workflows/19?version=1	Sarai Varona and Miguel Juliá and Sara Monzon and Alexander Peltzer and Alison Meynert and Edgar Garriga Nogales and Erik Garrison and Gisela Gabernet and Harshil Patel and Joao Curado and Jose Espinosa-Carrasco and Katrin Sameith and Marta Pozuelo and Maxime Garcia and Michael Heuer and Phil Ewels and Simon Heumos and Stephen Kelly and Thanh Le Viet and Isabel Cuesta	Nextflow	covid-19	2020-05-14	2023-01-16	1	1	0				MIT		nf-core viralrecon	metage.* in description	True	2026-07-08
